id;section_id;course_id;text;assignment_id;assessment_id
1f1bb87f-8f64-48fc-a537-4d24e927b964;Ergonomic USB input;ubiquitous;Buckinghamshire Fish;Gorgeous;drive
af435a53-60f1-4a6d-8947-bc45fe918d3c;navigating best-of-breed;orchid Cheese Synergized;York;Way Dynamic USB;Practical Alabama 1080p
aa41b722-ba43-4231-a7eb-32932b431d6e;zero;payment Bike;blockchains Zambian loyalty;Tactics;transmitting Bedfordshire
3b73e0ba-ff7a-47b1-972c-4d74aa47e10d;applications navigate synthesizing;Practical architecture;auxiliary Bedfordshire;Expanded capacity;Mews
2f3d6f7c-d3bd-4020-905d-eba58f9a7040;reboot;Account mission-critical;Frozen orchid;capacitor;Granite
ea588a81-241d-4af6-a790-e73d10f33979;Executive customer Bedfordshire;systems connecting;Serbian;monitor monitoring Buckinghamshire;Associate Station
6041e9b8-b730-4d30-8545-b284c0e48dba;system didactic Iceland;Orchestrator XSS Configuration;Technician capacitor Optimization;Chief maroon;invoice Convertible Pants
e97a9675-dbd9-4140-a07c-06c869f71b34;Stravenue Money Pound;green schemas Sausages;navigate;Hill Investor;Ouguiya Outdoors Prairie
66e65058-8acf-4815-a993-9ed02f5c2b6a;Alaska;regional Computer;neural whiteboard;Handcrafted;invoice edge matrix
155b55ad-a3b6-495c-bd8c-8dfbbefe5f65;Exclusive synthesize Soap;Soap cutting-edge;Avon;Shirt;customized
