id;title;description;course_id;service_path
cb57b076-5b9c-4c2c-8a47-cff9d30cb5dd;Soap;Parkways Islands Buckinghamshire;Center;FTP best-of-breed Handmade
f004edf6-02e8-4aa0-98db-d408d35c1b6f;Haiti Intranet index;Concrete;Lead;Officer Sharable Mandatory
0ff40bec-a801-47ce-a897-c5c61914f4b8;out-of-the-box distributed;Metal;invoice calculate Washington;protocol rich
2db2e60c-94e9-4eb3-86c0-78c51c602791;cyan Metal proactive;Metal maximize;cultivate generating;Mexican International
1feb4a52-bb7d-4e3c-9afc-e84739b579ec;parsing;Industrial plug-and-play;Accounts Handmade;Chicken Namibia Small
4031f259-0964-44b5-9fd3-540107b0a82a;Personal;Bolivar;Investor;Solomon Garden
dee16d87-6a72-4c56-a72f-653b7056d19f;ROI haptic;streamline Kip;Handmade Computer benchmark;zero
fc1419f5-ca27-4879-93a1-1a36de9ce15d;Table Assimilated;Keyboard;Soap;regional
38347167-a8b7-4748-b60c-582fdb215198;Grocery;gold forecast;Center dot-com invoice;redefine Crest
9b924ae5-0ff4-4562-a3a8-70ccf2dcc8ef;Jewelery Pants mobile;array Guinea Finland;Israeli cross-platform payment;experiences payment Account
